,Id,SalePrice
0,1461,117043.965
1,1462,155733.0
2,1463,183022.8125
3,1464,179399.0
4,1465,187943.075
5,1466,182230.7
6,1467,171312.3425
7,1468,174608.425
8,1469,189786.365
9,1470,116297.4625
10,1471,191739.11
11,1472,93734.6875
12,1473,90704.22916666669
13,1474,144946.67
14,1475,124685.395
15,1476,320418.625
16,1477,246673.795
17,1478,274313.195
18,1479,334057.1475
19,1480,448845.9675
20,1481,316793.48
21,1482,202320.4975
22,1483,199635.6325
23,1484,171096.905
24,1485,173845.1375
25,1486,206956.72
26,1487,282854.2375
27,1488,248753.605
28,1489,202584.4925
29,1490,233207.0125
30,1491,189520.275
31,1492,102737.7625
32,1493,185730.505
33,1494,285284.7025
34,1495,227767.7625
35,1496,219332.645
36,1497,200799.80666666664
37,1498,153706.60516666668
38,1499,153166.9394285714
39,1500,156299.362
40,1501,173446.6975
41,1502,147931.97666666663
42,1503,263812.115
43,1504,230722.5125
44,1505,212004.98
45,1506,167298.3125
46,1507,278231.7725
47,1508,196041.175
48,1509,163372.905
49,1510,148417.0925
50,1511,149763.125
51,1512,171346.66
52,1513,153327.52
53,1514,143899.765
54,1515,192254.375
55,1516,130232.605
56,1517,144968.8
57,1518,135688.52375
58,1519,211908.945
59,1520,140535.75
60,1521,144475.125
61,1522,160545.125
62,1523,124273.9825
63,1524,129682.93
64,1525,112395.4575
65,1526,140622.2725
66,1527,110154.925
67,1528,118896.58
68,1529,137570.9975
69,1530,152154.115
70,1531,127467.1475
71,1532,102521.7
72,1533,126667.795
73,1534,119914.625
74,1535,140372.185
75,1536,100989.8325
76,1537,102516.3225
77,1538,123020.78
78,1539,187399.9625
79,1540,149403.7175
80,1541,137060.495
81,1542,139116.1875
82,1543,188430.39
83,1544,84513.875
84,1545,99081.9475
85,1546,121191.75
86,1547,143809.335
87,1548,127678.265
88,1549,95819.875
89,1550,143195.63
90,1551,106033.4525
91,1552,140905.965
92,1553,152891.4925
93,1554,121159.695
94,1555,181705.66
95,1556,115569.9375
96,1557,127306.3125
97,1558,87179.5
98,1559,130707.9325
99,1560,129588.6125
100,1561,170214.6
101,1562,112097.6025
102,1563,114540.885
103,1564,153914.275
104,1565,164422.375
105,1566,203889.675
106,1567,97375.5
107,1568,206824.41
108,1569,148674.83
109,1570,133175.45535714284
110,1571,132516.1475
111,1572,125987.67
112,1573,262270.02
113,1574,144593.0
114,1575,208740.4625
115,1576,220737.65
116,1577,198743.6
117,1578,136567.865
118,1579,145524.0
119,1580,187269.51
120,1581,153539.0
121,1582,121334.9575
122,1583,304301.42
123,1584,251758.3325
124,1585,141129.20833333334
125,1586,99381.555
126,1587,120326.7075
127,1588,147367.875
128,1589,111836.8125
129,1590,130289.48535714285
130,1591,121428.54375
131,1592,101460.2975
132,1593,111612.005
133,1594,170042.935
134,1595,176281.125
135,1596,201761.75
136,1597,204064.04
137,1598,184154.475
138,1599,129072.62619047619
139,1600,163207.14166666666
140,1601,80374.23
141,1602,102362.19
142,1603,98773.6625
143,1604,275786.615
144,1605,233642.65
145,1606,168841.20833333337
146,1607,232505.6475
147,1608,210706.82
148,1609,194395.6075
149,1610,171279.5825
150,1611,160883.9875
151,1612,197497.8675
152,1613,205451.845
153,1614,126956.90416666667
154,1615,89788.77083333334
155,1616,89864.25
156,1617,92891.91964285713
157,1618,118077.9075
158,1619,130362.4675
159,1620,271089.4325
160,1621,124072.6575
161,1622,140580.285
162,1623,254281.8975
163,1624,190782.495
164,1625,121114.2375
165,1626,162152.82
166,1627,176164.75
167,1628,252718.56
168,1629,173480.825
169,1630,380208.6275
170,1631,211621.21
171,1632,300505.595
172,1633,172340.075
173,1634,177371.5
174,1635,182551.6225
175,1636,172858.3425
176,1637,186794.75
177,1638,204182.25
178,1639,190276.775
179,1640,255667.9075
180,1641,187637.2875
181,1642,235022.805
182,1643,205764.625
183,1644,226301.7275
184,1645,177462.12083333335
185,1646,162007.08
186,1647,157391.5
187,1648,133107.23166666666
188,1649,145162.0
189,1650,120497.5475
190,1651,118878.5825
191,1652,99214.9613095238
192,1653,104790.91369047617
193,1654,154886.4825
194,1655,134283.27619047623
195,1656,145773.09
196,1657,154343.3725
197,1658,145313.59
198,1659,126495.45
199,1660,149547.625
200,1661,458251.06
201,1662,346515.0725
202,1663,345945.32
203,1664,435913.8375
204,1665,310517.1025
205,1666,298907.2175
206,1667,366294.18
207,1668,310197.16
208,1669,250711.915
209,1670,336038.465
210,1671,321588.71
211,1672,455955.815
212,1673,289057.08
213,1674,239020.245
214,1675,203231.84
215,1676,199681.825
216,1677,197157.79
217,1678,421160.8975
218,1679,387239.65
219,1680,330780.985
220,1681,236150.1825
221,1682,311483.475
222,1683,185124.0325
223,1684,168318.075
224,1685,175039.2375
225,1686,172111.9925
226,1687,173251.225
227,1688,185012.25
228,1689,180724.8875
229,1690,177639.925
230,1691,173156.7875
231,1692,214706.35
232,1693,172753.9625
233,1694,177571.225
234,1695,177503.75
235,1696,278219.275
236,1697,176950.25
237,1698,346476.45
238,1699,310974.005
239,1700,246294.825
240,1701,276504.95
241,1702,283274.5025
242,1703,290984.81
243,1704,282359.3
244,1705,214335.17
245,1706,388360.855
246,1707,232456.285
247,1708,255355.4425
248,1709,243433.3925
249,1710,220122.11
250,1711,235203.375
251,1712,312088.4475
252,1713,268131.65
253,1714,214112.7
254,1715,210746.625
255,1716,182160.2225
256,1717,156293.2525
257,1718,163873.91
258,1719,211819.9375
259,1720,217881.4725
260,1721,151767.5
261,1722,151767.5
262,1723,177577.1475
263,1724,235509.39
264,1725,230315.75
265,1726,203733.6875
266,1727,181355.975
267,1728,179848.73
268,1729,175093.15
269,1730,173370.78
270,1731,129394.895
271,1732,116145.6
272,1733,121142.8625
273,1734,130486.75
274,1735,123573.455
275,1736,123488.8775
276,1737,260332.5925
277,1738,191628.425
278,1739,348124.86
279,1740,339651.565
280,1741,194581.6075
281,1742,171521.945
282,1743,177730.7625
283,1744,207884.0
284,1745,225694.4575
285,1746,203776.02083333337
286,1747,199659.045
287,1748,233131.8875
288,1749,158050.045
289,1750,147932.25
290,1751,227930.3475
291,1752,113289.3375
292,1753,168728.625
293,1754,187261.1475
294,1755,163277.955
295,1756,120840.83
296,1757,111055.305
297,1758,145358.625
298,1759,166036.955
299,1760,154799.75
300,1761,149545.875
301,1762,178415.845
302,1763,148389.332
303,1764,120072.6875
304,1765,163340.625
305,1766,165305.75
306,1767,190628.1975
307,1768,135171.5825
308,1769,149323.2725
309,1770,118278.72214285715
310,1771,141697.125
311,1772,142979.375
312,1773,137077.0
313,1774,167846.995
314,1775,125724.125
315,1776,145607.3075
316,1777,105985.71
317,1778,117300.0425
318,1779,129887.94
319,1780,178890.7175
320,1781,132484.5
321,1782,109150.9
322,1783,136486.125
323,1784,93940.075
324,1785,114816.475
325,1786,130975.875
326,1787,148077.8425
327,1788,78597.3525
328,1789,88975.15
329,1790,85037.995
330,1791,214913.3975
331,1792,156138.875
332,1793,139703.8875
333,1794,123335.5
334,1795,140916.125
335,1796,130878.5
336,1797,119300.08
337,1798,128798.485
338,1799,99918.75
339,1800,141582.6875
340,1801,137501.375
341,1802,119650.25
342,1803,162789.7575
343,1804,136848.05333333332
344,1805,133131.7325
345,1806,124274.065
346,1807,129731.8375
347,1808,121690.255
348,1809,139463.7475
349,1810,144026.8625
350,1811,135079.0
351,1812,130680.1125
352,1813,120202.75
353,1814,105836.03
354,1815,79530.5275
355,1816,101375.38
356,1817,133876.3125
357,1818,132321.5
358,1819,118392.645
359,1820,78907.775
360,1821,98287.6075
361,1822,137131.5875
362,1823,78589.8
363,1824,142175.29908333335
364,1825,142972.39
365,1826,114077.45
366,1827,105127.075
367,1828,135349.25
368,1829,105797.1575
369,1830,138864.1675
370,1831,132559.375
371,1832,139980.0875
372,1833,153183.17
373,1834,123334.78
374,1835,123043.7175
375,1836,132247.255
376,1837,87725.99
377,1838,132779.03
378,1839,81164.5
379,1840,178322.0775
380,1841,157270.605
381,1842,111512.375
382,1843,145693.5125
383,1844,138275.1875
384,1845,150621.565
385,1846,156681.315
386,1847,245071.3675
387,1848,103144.93
388,1849,166719.75
389,1850,130721.14583333334
390,1851,155812.125
391,1852,123049.23666666666
392,1853,141996.56416666668
393,1854,125633.3975
394,1855,187936.4
395,1856,195338.41
396,1857,221225.5925
397,1858,169638.5775
398,1859,123008.29333333333
399,1860,147193.41416666665
400,1861,123942.84658333335
401,1862,316831.0425
402,1863,310234.2975
403,1864,310231.0475
404,1865,308000.2675
405,1866,306540.4175
406,1867,238027.0575
407,1868,299992.25
408,1869,198929.625
409,1870,190064.6375
410,1871,229187.87
411,1872,170966.1425
412,1873,201478.8625
413,1874,141338.5
414,1875,219232.525
415,1876,208482.695
416,1877,193657.44
417,1878,221625.2375
418,1879,141908.54
419,1880,136156.1375
420,1881,253465.23
421,1882,266840.1225
422,1883,210053.5
423,1884,227696.19
424,1885,234748.115
425,1886,301463.775
426,1887,235003.675
427,1888,251649.22
428,1889,168139.7925
429,1890,143050.695
430,1891,147029.49523809526
431,1892,115492.78
432,1893,149184.625
433,1894,128737.9125
434,1895,158743.125
435,1896,115693.4575
436,1897,112289.575
437,1898,119117.945
438,1899,135521.0625
439,1900,114950.78
440,1901,175560.745
441,1902,164400.1475
442,1903,225161.4325
443,1904,130354.0
444,1905,169783.925
445,1906,133425.195
446,1907,264002.7125
447,1908,98859.73630952381
448,1909,116498.00714285714
449,1910,116123.64214285715
450,1911,207515.3325
451,1912,232608.3825
452,1913,127824.0925
453,1914,64858.7425
454,1915,298901.675
455,1916,100930.6525
456,1917,261379.445
457,1918,133924.075
458,1919,159887.04
459,1920,223978.2
460,1921,368685.86
461,1922,287414.85
462,1923,195523.8825
463,1924,209709.63
464,1925,245967.85
465,1926,367914.1525
466,1927,156266.125
467,1928,136976.7375
468,1929,122831.25
469,1930,145987.54166666666
470,1931,125243.5
471,1932,134385.9075
472,1933,159731.75
473,1934,176561.435
474,1935,176749.215
475,1936,179552.0
476,1937,180723.4125
477,1938,205620.5475
478,1939,249097.1375
479,1940,187081.075
480,1941,183490.9675
481,1942,205018.3625
482,1943,187360.7875
483,1944,319610.2825
484,1945,341810.8475
485,1946,172434.0
486,1947,313700.0375
487,1948,205923.425
488,1949,279413.28
489,1950,165481.86
490,1951,234557.3425
491,1952,200845.2625
492,1953,162583.4525
493,1954,184589.0075
494,1955,131561.0625
495,1956,251409.79
496,1957,191951.125
497,1958,280676.525
498,1959,145043.725
499,1960,126639.325
500,1961,117413.87
501,1962,99214.9613095238
502,1963,100998.70535714284
503,1964,115907.10714285714
504,1965,146215.75
505,1966,134696.06511904768
506,1967,247552.925
507,1968,417157.5475
508,1969,379324.1075
509,1970,398007.4075
510,1971,371287.1375
511,1972,275753.7625
512,1973,253892.71
513,1974,305944.985
514,1975,413809.2725
515,1976,246719.665
516,1977,363027.115
517,1978,390746.0
518,1979,310576.39
519,1980,202176.5825
520,1981,281602.97
521,1982,227460.4075
522,1983,227460.4075
523,1984,161553.75
524,1985,208124.6125
525,1986,249589.5925
526,1987,176496.72833333336
527,1988,180491.1125
528,1989,203165.625
529,1990,225776.7875
530,1991,211661.6225
531,1992,224344.25
532,1993,180145.45
533,1994,257585.925
534,1995,182421.35
535,1996,284989.315
536,1997,287479.48
537,1998,345734.9675
538,1999,259010.515
539,2000,295142.9225
540,2001,253535.165
541,2002,246944.7975
542,2003,232813.8125
543,2004,236488.5025
544,2005,221411.1275
545,2006,229294.69
546,2007,273603.2525
547,2008,195771.4375
548,2009,202260.875
549,2010,190034.6125
550,2011,160890.18
551,2012,185444.9125
552,2013,180576.625
553,2014,189139.425
554,2015,194652.9875
555,2016,207973.875
556,2017,202905.4375
557,2018,127792.9775
558,2019,112501.965
559,2020,118276.765
560,2021,109595.9625
561,2022,179022.0
562,2023,150138.08
563,2024,297382.8675
564,2025,335323.515
565,2026,180492.72666666665
566,2027,152166.34359523805
567,2028,157168.5675
568,2029,176748.705
569,2030,259826.635
570,2031,196372.15
571,2032,236123.6025
572,2033,222895.825
573,2034,163322.25
574,2035,215462.205
575,2036,165938.4467857143
576,2037,166959.8667857143
577,2038,286599.64
578,2039,196829.2725
579,2040,294197.4
580,2041,197427.675
581,2042,220718.7075
582,2043,152363.38
583,2044,144020.7
584,2045,172888.115
585,2046,122242.5
586,2047,156182.4375
587,2048,120535.195
588,2049,127860.975
589,2050,172457.8925
590,2051,124456.2325
591,2052,145140.58
592,2053,144386.185
593,2054,80324.76083333333
594,2055,157588.5
595,2056,135076.375
596,2057,116438.5725
597,2058,196759.335
598,2059,143898.0625
599,2060,155942.75
600,2061,165718.3975
601,2062,142358.6875
602,2063,105479.9475
603,2064,130565.8125
604,2065,121851.75
605,2066,188480.31
606,2067,140210.41
607,2068,200468.1125
608,2069,98295.4075
609,2070,110985.625
610,2071,84936.575
611,2072,132731.83
612,2073,139330.5
613,2074,146447.875
614,2075,145806.8175
615,2076,119093.855
616,2077,151129.625
617,2078,131008.625
618,2079,130627.2075
619,2080,119645.0125
620,2081,119056.955
621,2082,146681.75
622,2083,135359.1875
623,2084,112149.25
624,2085,130871.125
625,2086,156589.985
626,2087,112998.25
627,2088,116502.5775
628,2089,82222.875
629,2090,128717.715
630,2091,138291.8825
631,2092,137053.805
632,2093,150894.7125
633,2094,103422.3275
634,2095,133033.11
635,2096,97465.71
636,2097,85350.355
637,2098,151860.44
638,2099,65178.9325
639,2100,146085.3275
640,2101,135117.6825
641,2102,133689.9875
642,2103,90340.76
643,2104,154934.75
644,2105,130933.715
645,2106,99545.375
646,2107,195364.8425
647,2108,120529.4375
648,2109,128618.285
649,2110,119045.585
650,2111,147620.98
651,2112,143558.1875
652,2113,111567.75
653,2114,108547.78
654,2115,139494.93
655,2116,109766.7
656,2117,139001.45
657,2118,125111.7875
658,2119,100182.41
659,2120,99827.425
660,2121,110435.2325
661,2122,99829.9575
662,2123,93269.395
663,2124,149866.4975
664,2125,137570.5525
665,2126,136239.875
666,2127,139962.3825
667,2128,128488.4175
668,2129,77401.555
669,2130,146369.625
670,2131,124480.204
671,2132,106376.14
672,2133,105671.9
673,2134,114242.5
674,2135,83274.56
675,2136,120962.005
676,2137,122857.25
677,2138,145641.0625
678,2139,159351.3275
679,2140,136878.875
680,2141,137633.47916666666
681,2142,151656.4375
682,2143,146869.8425
683,2144,135631.8975
684,2145,121696.58
685,2146,187728.17
686,2147,161411.125
687,2148,126748.0875
688,2149,124207.37
689,2150,191437.045
690,2151,96140.26
691,2152,175756.525
692,2153,150549.0
693,2154,128115.5
694,2155,123936.3525
695,2156,280263.49
696,2157,209971.1925
697,2158,245451.0725
698,2159,216067.075
699,2160,166559.9525
700,2161,260160.585
701,2162,377694.9575
702,2163,317116.2675
703,2164,210721.425
704,2165,169362.575
705,2166,141338.5
706,2167,225602.2925
707,2168,210859.3125
708,2169,184192.625
709,2170,222909.41
710,2171,156542.555
711,2172,144840.5416666667
712,2173,196257.6
713,2174,243428.325
714,2175,219534.735
715,2176,305475.835
716,2177,279944.4725
717,2178,205271.3125
718,2179,144591.22529761912
719,2180,259719.9225
720,2181,192711.3325
721,2182,243877.7825
722,2183,192942.7375
723,2184,151760.625
724,2185,162162.5
725,2186,127308.7725
726,2187,163383.25
727,2188,158415.5625
728,2189,270142.8875
729,2190,96267.44
730,2191,107609.7475
731,2192,112751.625
732,2193,100440.0275
733,2194,113816.48
734,2195,113994.8925
735,2196,134322.375
736,2197,114434.8
737,2198,147041.2025
738,2199,173702.9975
739,2200,127928.07
740,2201,130326.4025
741,2202,170180.25
742,2203,174380.9975
743,2204,149522.75
744,2205,112116.665
745,2206,123441.09583333334
746,2207,173945.0825
747,2208,207441.0725
748,2209,255880.71
749,2210,95885.56964285714
750,2211,112067.5
751,2212,112244.75
752,2213,116476.625
753,2214,132325.8275
754,2215,114442.8225
755,2216,155077.6325
756,2217,111970.8425
757,2218,99030.4325
758,2219,69767.0425
759,2220,64388.81
760,2221,298901.675
761,2222,275786.615
762,2223,338397.5775
763,2224,210965.3
764,2225,173229.25
765,2226,238761.96
766,2227,202195.0375
767,2228,248084.07
768,2229,224863.005
769,2230,171205.735
770,2231,192516.5325
771,2232,219264.525
772,2233,194795.6475
773,2234,202569.5425
774,2235,218114.4875
775,2236,301780.865
776,2237,336016.9425
777,2238,196995.74
778,2239,151492.5
779,2240,164495.25
780,2241,168372.08
781,2242,132504.70833333334
782,2243,129643.43125
783,2244,85573.83333333331
784,2245,86430.08833333332
785,2246,156527.2975
786,2247,90001.83333333334
787,2248,133833.4
788,2249,129909.8
789,2250,134206.625
790,2251,189335.5825
791,2252,176963.25
792,2253,171288.8
793,2254,189038.375
794,2255,183172.675
795,2256,179746.2
796,2257,233562.495
797,2258,173967.5
798,2259,185233.625
799,2260,157432.94
800,2261,178686.035
801,2262,195043.53
802,2263,338940.9675
803,2264,386552.9925
804,2265,199077.545
805,2266,245262.6025
806,2267,435779.75
807,2268,358621.6975
808,2269,168513.765
809,2270,165680.8875
810,2271,182035.7125
811,2272,192410.9425
812,2273,162983.295
813,2274,167076.64
814,2275,146205.005
815,2276,156439.53916666668
816,2277,175527.62375
817,2278,166280.875
818,2279,122572.875
819,2280,138968.285
820,2281,192198.3625
821,2282,182339.435
822,2283,89378.33333333331
823,2284,108586.52
824,2285,134867.1692857143
825,2286,129393.04458333334
826,2287,321546.8075
827,2288,282915.3825
828,2289,406111.2775
829,2290,377968.28
830,2291,337424.8925
831,2292,397796.615
832,2293,411645.025
833,2294,402753.16
834,2295,428974.5625
835,2296,276945.5775
836,2297,258667.9225
837,2298,322656.67
838,2299,437277.5275
839,2300,289640.25
840,2301,226534.3775
841,2302,231172.3025
842,2303,260614.06
843,2304,212546.185
844,2305,192777.1325
845,2306,192777.1325
846,2307,206635.215
847,2308,219168.395
848,2309,247570.485
849,2310,237137.2275
850,2311,184788.1525
851,2312,179557.835
852,2313,177929.725
853,2314,179175.6875
854,2315,172478.76
855,2316,218719.6375
856,2317,197049.88
857,2318,180148.3675
858,2319,180189.405
859,2320,188254.2375
860,2321,230434.9875
861,2322,175228.3025
862,2323,171377.0625
863,2324,170658.1375
864,2325,243080.93
865,2326,173426.1625
866,2327,214924.1875
867,2328,218257.05
868,2329,182175.55
869,2330,177681.25
870,2331,330930.935
871,2332,350373.64
872,2333,313590.815
873,2334,266060.91
874,2335,246909.635
875,2336,295769.25
876,2337,193479.6925
877,2338,237828.5625
878,2339,245512.8025
879,2340,375541.95
880,2341,236911.235
881,2342,213422.1875
882,2343,211138.155
883,2344,250299.8175
884,2345,214449.475
885,2346,215436.12
886,2347,191310.6225
887,2348,230457.61
888,2349,182170.2625
889,2350,246672.69
890,2351,262329.625
891,2352,291131.2275
892,2353,312591.84
893,2354,149441.44
894,2355,159878.5825
895,2356,149749.5
896,2357,227695.4375
897,2358,215745.57
898,2359,123788.6975
899,2360,133071.4583333333
900,2361,136242.85833333334
901,2362,293786.2425
902,2363,141005.72625
903,2364,148589.5825
904,2365,197712.285
905,2366,173493.64166666663
906,2367,222692.05
907,2368,198370.61916666664
908,2369,220875.44
909,2370,176471.625
910,2371,176034.75
911,2372,187853.455
912,2373,257709.9975
913,2374,289975.8175
914,2375,239680.625
915,2376,238373.6375
916,2377,261682.58
917,2378,154442.25
918,2379,183767.2666666667
919,2380,149281.125
920,2381,149057.3975
921,2382,160199.3
922,2383,213895.035
923,2384,246931.85
924,2385,150427.83
925,2386,141049.125
926,2387,141640.45833333334
927,2388,126529.875
928,2389,129974.15
929,2390,160627.6025
930,2391,123858.4025
931,2392,122090.6425
932,2393,153326.875
933,2394,130748.625
934,2395,175559.28
935,2396,155525.0
936,2397,183102.275
937,2398,108554.9575
938,2399,84050.875
939,2400,65913.7725
940,2401,113051.21
941,2402,130056.875
942,2403,134178.8131666667
943,2404,158070.875
944,2405,149682.0
945,2406,123738.78
946,2407,119808.5825
947,2408,142063.75
948,2409,137600.0
949,2410,143710.375
950,2411,117629.4025
951,2412,143610.375
952,2413,130512.125
953,2414,138606.955
954,2415,134683.28449999998
955,2416,103283.01
956,2417,119677.3225
957,2418,117442.32
958,2419,138286.375
959,2420,117956.295
960,2421,160563.25
961,2422,122234.5275
962,2423,135243.3325
963,2424,142121.205
964,2425,274495.745
965,2426,97057.065
966,2427,146420.985
967,2428,142368.74
968,2429,115990.0575
969,2430,122576.3275
970,2431,131992.3
971,2432,129413.715
972,2433,140350.5275
973,2434,149129.875
974,2435,148915.375
975,2436,127040.335
976,2437,112493.4175
977,2438,125785.89
978,2439,109167.125
979,2440,114119.315
980,2441,101350.0875
981,2442,97251.075
982,2443,114506.985
983,2444,101424.67
984,2445,102528.885
985,2446,122414.1875
986,2447,142248.9825
987,2448,150081.4375
988,2449,101509.215
989,2450,129258.405
990,2451,121887.66
991,2452,215126.52
992,2453,120125.0275
993,2454,145410.5
994,2455,96411.65
995,2456,140559.92
996,2457,115123.375
997,2458,99575.6
998,2459,109870.605
999,2460,131188.6
1000,2461,118107.335
1001,2462,113145.125
1002,2463,115002.39
1003,2464,174665.2175
1004,2465,132154.85
1005,2466,114198.735
1006,2467,122217.35
1007,2468,105269.2775
1008,2469,99113.4625
1009,2470,199382.9175
1010,2471,143740.125
1011,2472,150011.6475
1012,2473,115120.285
1013,2474,125258.015
1014,2475,223225.74
1015,2476,113861.375
1016,2477,139219.875
1017,2478,164359.875
1018,2479,145258.3675
1019,2480,144535.105
1020,2481,139241.375
1021,2482,118210.6
1022,2483,127318.535
1023,2484,127511.97
1024,2485,123234.5575
1025,2486,161114.875
1026,2487,239963.9875
1027,2488,120677.75
1028,2489,139317.5
1029,2490,153823.5925
1030,2491,110996.19
1031,2492,192431.375
1032,2493,152965.24
1033,2494,180625.485
1034,2495,169077.25
1035,2496,221259.55
1036,2497,138137.5
1037,2498,117311.9875
1038,2499,114346.98
1039,2500,141361.62666666668
1040,2501,136010.5
1041,2502,132238.22
1042,2503,110069.515
1043,2504,195146.835
1044,2505,228551.26
1045,2506,276175.8975
1046,2507,333117.5975
1047,2508,277324.2375
1048,2509,224433.24
1049,2510,218993.745
1050,2511,188838.0775
1051,2512,215760.2625
1052,2513,218172.1
1053,2514,214041.2475
1054,2515,146845.75
1055,2516,166594.805
1056,2517,129866.75
1057,2518,113685.75
1058,2519,234219.05
1059,2520,209583.875
1060,2521,201622.4375
1061,2522,226911.07
1062,2523,129512.125
1063,2524,146874.4375
1064,2525,144075.125
1065,2526,144106.875
1066,2527,140458.04
1067,2528,127211.875
1068,2529,125314.3575
1069,2530,122371.7575
1070,2531,248998.265
1071,2532,235057.515
1072,2533,206634.25
1073,2534,214632.035
1074,2535,283370.615
1075,2536,215245.3675
1076,2537,210088.28
1077,2538,179886.63
1078,2539,182500.98
1079,2540,207264.65
1080,2541,173314.5225
1081,2542,179609.475
1082,2543,127040.9125
1083,2544,138498.81666666668
1084,2545,125233.395
1085,2546,132578.685
1086,2547,136847.56666666665
1087,2548,191110.2575
1088,2549,180375.2025
1089,2550,350519.4875
1090,2551,147029.49523809526
1091,2552,125195.18125
1092,2553,107609.7475
1093,2554,132573.865
1094,2555,97851.19
1095,2556,113781.165
1096,2557,115082.555
1097,2558,218559.9025
1098,2559,142361.55908333333
1099,2560,119381.14
1100,2561,100218.0725
1101,2562,147080.66
1102,2563,172515.9375
1103,2564,171800.075
1104,2565,145712.7625
1105,2566,143244.25
1106,2567,133231.875
1107,2568,172782.45
1108,2569,167249.1275
1109,2570,100497.73630952381
1110,2571,237055.35
1111,2572,131155.1261904762
1112,2573,181992.8
1113,2574,355260.3975
1114,2575,117558.5
1115,2576,152496.225
1116,2577,156807.585
1117,2578,86836.24
1118,2579,93575.5125
1119,2580,129440.215
1120,2581,119631.2025
1121,2582,92953.715
1122,2583,267338.495
1123,2584,148260.455
1124,2585,186818.545
1125,2586,216147.37
1126,2587,192866.775
1127,2588,124686.05
1128,2589,140085.11208333334
1129,2590,199613.8625
1130,2591,222484.115
1131,2592,252564.985
1132,2593,249076.985
1133,2594,173342.76
1134,2595,203225.6575
1135,2596,330556.4475
1136,2597,211370.945
1137,2598,318048.095
1138,2599,322858.66
1139,2600,281964.16
1140,2601,137482.65833333338
1141,2602,94145.31547619047
1142,2603,89415.465
1143,2604,89732.52083333334
1144,2605,90957.8363095238
1145,2606,141186.325
1146,2607,171664.75
1147,2608,199223.6875
1148,2609,160064.835
1149,2610,115966.55
1150,2611,176237.25
1151,2612,161993.5
1152,2613,128837.5
1153,2614,127269.0
1154,2615,129131.125
1155,2616,125821.67
1156,2617,168528.1975
1157,2618,221823.75
1158,2619,201805.45
1159,2620,178815.45
1160,2621,188457.6
1161,2622,210238.04
1162,2623,273789.5775
1163,2624,371608.975
1164,2625,374085.435
1165,2626,171716.5
1166,2627,173943.39916666664
1167,2628,389234.455
1168,2629,438698.8825
1169,2630,303447.145
1170,2631,484846.9275
1171,2632,371293.1475
1172,2633,287698.5075
1173,2634,361902.035
1174,2635,157169.3225
1175,2636,170391.0
1176,2637,147361.91000000003
1177,2638,260478.5025
1178,2639,188231.0
1179,2640,158940.955
1180,2641,118239.2575
1181,2642,236056.3125
1182,2643,90235.58333333331
1183,2644,126325.01
1184,2645,96906.01785714284
1185,2646,99539.3295238095
1186,2647,95066.5863095238
1187,2648,133707.68869047624
1188,2649,152018.90966666667
1189,2650,133922.54702380957
1190,2651,145527.8575
1191,2652,478077.415
1192,2653,275341.76
1193,2654,330935.0725
1194,2655,348206.575
1195,2656,292716.155
1196,2657,275666.715
1197,2658,302527.03
1198,2659,300902.7625
1199,2660,303361.8525
1200,2661,342780.0525
1201,2662,314649.72
1202,2663,245482.03
1203,2664,251381.2125
1204,2665,283661.0525
1205,2666,268602.6025
1206,2667,170330.6625
1207,2668,168727.62
1208,2669,197328.9075
1209,2670,283841.25
1210,2671,171460.575
1211,2672,191273.56
1212,2673,212720.51
1213,2674,223585.325
1214,2675,165025.2475
1215,2676,182074.2175
1216,2677,226119.375
1217,2678,286031.7425
1218,2679,242785.4
1219,2680,291370.1125
1220,2681,338650.8275
1221,2682,311957.2375
1222,2683,543882.47
1223,2684,284904.83
1224,2685,328051.2775
1225,2686,267085.915
1226,2687,288414.8025
1227,2688,242035.9
1228,2689,196572.0275
1229,2690,471687.9525
1230,2691,210406.9925
1231,2692,157437.08
1232,2693,186754.8475
1233,2694,151430.0
1234,2695,185573.685
1235,2696,184046.275
1236,2697,222169.515
1237,2698,202500.5
1238,2699,186874.31
1239,2700,175596.5
1240,2701,167098.7575
1241,2702,129991.0
1242,2703,133431.13416666666
1243,2704,133049.5825
1244,2705,129353.415
1245,2706,124950.865
1246,2707,124690.8775
1247,2708,145692.1275
1248,2709,121418.9725
1249,2710,122044.03
1250,2711,288772.875
1251,2712,330036.49
1252,2713,165245.7388095238
1253,2714,151190.50749999998
1254,2715,172756.53
1255,2716,150698.96583333332
1256,2717,205027.25
1257,2718,236178.3775
1258,2719,150430.6425
1259,2720,155658.83
1260,2721,143917.5
1261,2722,154370.0275
1262,2723,131885.675
1263,2724,125643.665
1264,2725,142716.25
1265,2726,147006.625
1266,2727,165653.823
1267,2728,169676.625
1268,2729,163045.5
1269,2730,147285.5
1270,2731,102512.46
1271,2732,119041.0375
1272,2733,163028.25
1273,2734,162371.3125
1274,2735,132129.0525
1275,2736,162539.0625
1276,2737,114636.895
1277,2738,127402.26208333333
1278,2739,153840.395
1279,2740,129362.1875
1280,2741,144366.375
1281,2742,140957.75
1282,2743,142364.9375
1283,2744,136912.25
1284,2745,126199.1075
1285,2746,130467.225
1286,2747,155825.125
1287,2748,131326.5
1288,2749,122736.875
1289,2750,144296.5
1290,2751,126015.03
1291,2752,251544.37
1292,2753,157805.795
1293,2754,239360.25
1294,2755,123120.645
1295,2756,96400.875
1296,2757,94401.625
1297,2758,66997.865
1298,2759,145900.935
1299,2760,148117.0625
1300,2761,140980.75
1301,2762,140160.625
1302,2763,163284.25
1303,2764,158962.25
1304,2765,299901.0775
1305,2766,146547.895
1306,2767,93859.87142857144
1307,2768,133038.69991666666
1308,2769,134453.3725
1309,2770,130830.2325
1310,2771,112650.185
1311,2772,128657.625
1312,2773,129292.25
1313,2774,136120.0525
1314,2775,126956.4025
1315,2776,121017.565
1316,2777,119239.425
1317,2778,92253.95833333331
1318,2779,133042.8425
1319,2780,104123.875
1320,2781,104876.8075
1321,2782,114548.0525
1322,2783,120929.115
1323,2784,115793.01
1324,2785,142132.1175
1325,2786,71249.9675
1326,2787,116082.38
1327,2788,103272.93
1328,2789,134070.0275
1329,2790,104119.35
1330,2791,115242.475
1331,2792,91555.3
1332,2793,191104.2625
1333,2794,106119.125
1334,2795,125037.665
1335,2796,95554.25
1336,2797,215028.815
1337,2798,134879.125
1338,2799,124801.23
1339,2800,101868.71
1340,2801,113751.0
1341,2802,142938.9075
1342,2803,198464.075
1343,2804,187486.585
1344,2805,108937.4
1345,2806,98073.48
1346,2807,184326.50916666666
1347,2808,147103.0
1348,2809,123829.3
1349,2810,146626.875
1350,2811,169105.0
1351,2812,136699.97166666665
1352,2813,189189.3375
1353,2814,179335.78916666665
1354,2815,117074.9375
1355,2816,234262.435
1356,2817,160548.5325
1357,2818,107251.0
1358,2819,148428.36666666667
1359,2820,141602.0
1360,2821,116061.875
1361,2822,200899.29
1362,2823,335815.125
1363,2824,165609.25
1364,2825,156018.375
1365,2826,137192.0625
1366,2827,139127.4275
1367,2828,285998.08
1368,2829,205981.45
1369,2830,217186.415
1370,2831,188188.4475
1371,2832,329953.2775
1372,2833,255521.2275
1373,2834,230990.605
1374,2835,233993.6225
1375,2836,184914.5875
1376,2837,146023.955
1377,2838,151176.375
1378,2839,177360.6
1379,2840,188565.5575
1380,2841,202814.0625
1381,2842,199983.0375
1382,2843,156914.0625
1383,2844,166457.5
1384,2845,125314.3575
1385,2846,214601.375
1386,2847,203684.3825
1387,2848,202086.005
1388,2849,216942.0125
1389,2850,266542.15
1390,2851,244281.0825
1391,2852,235811.75
1392,2853,226789.525
1393,2854,141129.20833333334
1394,2855,193847.29
1395,2856,214531.6825
1396,2857,184258.2125
1397,2858,180204.5325
1398,2859,130530.625
1399,2860,131281.63541666666
1400,2861,155951.8825
1401,2862,209932.6725
1402,2863,140686.12
1403,2864,292468.4525
1404,2865,147029.49523809526
1405,2866,132846.98660714284
1406,2867,97531.5
1407,2868,141114.965
1408,2869,134775.0625
1409,2870,173609.925
1410,2871,106771.68
1411,2872,69292.69
1412,2873,115796.885
1413,2874,141852.285
1414,2875,122498.85
1415,2876,167701.8825
1416,2877,154845.845
1417,2878,169573.9925
1418,2879,133286.0
1419,2880,122509.125
1420,2881,162535.2175
1421,2882,148321.5075
1422,2883,137571.705
1423,2884,150255.55
1424,2885,204288.96
1425,2886,227871.255
1426,2887,114690.015
1427,2888,117446.72
1428,2889,94864.5
1429,2890,87814.375
1430,2891,138750.8
1431,2892,79023.36
1432,2893,106595.7925
1433,2894,64279.435
1434,2895,296053.8775
1435,2896,276436.92
1436,2897,197001.12
1437,2898,138128.8370833333
1438,2899,219463.825
1439,2900,159992.375
1440,2901,235338.375
1441,2902,190887.0425
1442,2903,366670.485
1443,2904,309928.5425
1444,2905,189797.685
1445,2906,203418.18
1446,2907,117002.25
1447,2908,123585.33
1448,2909,137644.7125
1449,2910,80836.0
1450,2911,94212.81547619047
1451,2912,149957.1565
1452,2913,90298.52083333334
1453,2914,90231.27083333334
1454,2915,84346.75
1455,2916,87959.25
1456,2917,156612.0875
1457,2918,124027.75
1458,2919,226740.15
